Item name,Link
Thrice-Accursed Compass,http://www.wowhead.com/item=141537
Chrono Shard,http://www.wowhead.com/item=137419
Windscar Whetstone,http://www.wowhead.com/item=137486
Giant Ornamental Pearl,http://www.wowhead.com/item=137369
Horn of Valor,http://www.wowhead.com/item=133642
Figurehead of the Naglfar,http://www.wowhead.com/item=137329
Orb of Torment,http://www.wowhead.com/item=137538
Tirathon's Betrayal,http://www.wowhead.com/item=137537
Unstable Arcanocrystal,http://www.wowhead.com/item=141482
Inferal%20Alchemist%20Stone,error in search
Nether Anti-Toxin,http://www.wowhead.com/item=133766
Jewel of Insatiable Desire,http://www.wowhead.com/item=137462
Thrumming Gossamer,http://www.wowhead.com/item=137452
Amalgam's Seventh Spine,http://www.wowhead.com/item=136714
Flask of the Solemn Night,http://www.wowhead.com/item=137484
Bottled Hurricane,http://www.wowhead.com/item=137378
Mote of Sanctification,http://www.wowhead.com/item=133646
Naglfar Fare,http://www.wowhead.com/item=133645
Concave Reflecting Lens,http://www.wowhead.com/item=137540
Darkmoon Deck: Promises,http://www.wowhead.com/item=128710
Terrorbound Nexus,http://www.wowhead.com/item=137406
Tiny Oozeling in a Jar,http://www.wowhead.com/item=137439
Chaos Talisman,http://www.wowhead.com/item=137459
Spiked Counterweight,http://www.wowhead.com/item=136715
Nightmare Egg Shell,http://www.wowhead.com/item=137312
Tempered Egg of Serpentrix,http://www.wowhead.com/item=137373
Gift of Radiance,http://www.wowhead.com/item=133647
Hunger of the Pack,http://www.wowhead.com/item=136975
Memento of Angerboda,http://www.wowhead.com/item=133644
Shard of Rokmora,http://www.wowhead.com/item=137338
Mark of Dargrul,http://www.wowhead.com/item=137357
Faulty Countermeasure,http://www.wowhead.com/item=137539
Ettin Fingernail,http://www.wowhead.com/item=141535
Darkmoon Deck: Dominion,http://www.wowhead.com/item=128705
Padawsen's Unlucky Charm,http://www.wowhead.com/item=141536
Darkmoon Deck: Hellfire,http://www.wowhead.com/item=128709
Portable Manacracker,http://www.wowhead.com/item=137398
Obelisk of the Void,http://www.wowhead.com/item=137433
Elementium Bomb Squirrel Generator,http://www.wowhead.com/item=137446
Caged Horror,http://www.wowhead.com/item=136716
Infernal Writ,http://www.wowhead.com/item=137485
Corrupted Starlight,http://www.wowhead.com/item=137301
Oakheart's Gnarled Root,http://www.wowhead.com/item=137306
Stormsinger Fulmination Charge,http://www.wowhead.com/item=137367
Eye of Skovald,http://www.wowhead.com/item=133641
Naraxas' Spiked Tongue,http://www.wowhead.com/item=137349
Moonlit Prism,http://www.wowhead.com/item=137541
Coagulated Nightwell Residue,http://www.wowhead.com/item=137400
Shivermaw's Jawbone,http://www.wowhead.com/item=137440
Impenetrable Nerubian Husk,http://www.wowhead.com/item=137430
Ember of Nullification,http://www.wowhead.com/item=136978
Writhing Heart of Darkness,http://www.wowhead.com/item=137315
Parjesh's Medallion,http://www.wowhead.com/item=137362
Talisman of the Cragshaper,http://www.wowhead.com/item=137344
Darkmoon Deck: Immortality,http://www.wowhead.com/item=128711